0,0,1
0.2,0,1
0.4,0,1
0.6,0,1
0.8,0,1
1,0,1
1.2,0,1
1.4,0,1
1.6,0,1
1.8,0,1
2,0,1
2.2,0,1
2.4,0,1
2.6,0,1
2.8,0,1
3,0,1
3.2,0,1
3.4,0,1
3.6,0,1
3.8,0,1
4,0,1
4.2,0,1
4.4,0,1
4.6,0,1
4.8,0,1
5,0,1
5.2,0,1
5.4,0,1
5.6,0,1
5.8,0,1
6,0,1
6.2,0,1
6.4,0,1
6.6,0,1
6.8,0,1
7,0,1
7.2,0,1
7.4,0,1
7.6,0,1
7.8,0,1
8,0,1
8.2,0,1
8.4,0,1
8.6,0,1
8.8,0,1
9,0,1
9.2,0,1
9.4,0,1
9.6,0,1
9.8,0,1
10,0,1
10.2,0,1
10.4,0,1
10.6,0,1
10.8,0,1
11,0,1
11.2,0,1
11.4,0,1
11.6,0,1
11.8,0,1
12,0,1
12.2,0,1
12.4,0,1
12.6,0,1
12.8,0,1
13,0,1
13.2,0,1
13.4,0,1
13.6,0,1
13.8,0,1
14,0,1
14.2,0,1
14.4,0,1
14.6,0,1
14.8,0,1
15,0,1
15.2,0,1
15.4,0,1
15.6,0,1
15.8,0,1
16,0,1
16.2,0,1
16.4,0,1
16.6,0,1
16.8,0,1
17,0,1
17.2,0,1
17.4,0,1
17.6,0,1
17.8,0,1
18,0,1
18.2,0,1
18.4,0,1
18.6,0,1
18.8,0,1
19,0,1
19.2,0,1
19.4,0,1
19.6,0,1
19.8,0,1
20,0,1
20.2,0,1
20.4,0,1
20.6,0,1
20.8,0,1
21,0,1
21.2,0,1
21.4,0,1
21.6,0,1
21.8,0,1
22,0,1
22.2,0,1
22.4,0,1
22.6,0,1
22.8,0,1
23,0,1
23.2,0,1
23.4,0,1
23.6,0,1
23.8,0,1
24,0,1
24.2,0,1
24.4,0,1
24.6,0,1
24.8,0,1
25,0,1
25.2,0,1
25.4,0,1
25.6,0,1
25.8,0,1
26,0,1
26.2,0,1
26.4,0,1
26.6,0,1
26.8,0,1
27,0,1
27.2,0,1
27.4,0,1
27.6,0,1
27.8,0,1
28,0,1
28.2,0,1
28.4,0,1
28.6,0,1
28.8,0,1
29,0,1
29.2,0,1
29.4,0,1
29.6,0,1
29.8,0,1
30,0,1
30.2,0,1
30.4,0,1
30.6,0,1
30.8,0,1
31,0,1
31.2,0,1
31.4,0,1
31.6,0,1
31.8,0,1
32,0,1
32.2,0,1
32.4,0,1
32.6,0,1
32.8,0,1
33,0,1
33.2,0,1
33.4,0,1
33.6,0,1
33.8,0,1
34,0,1
34.2,0,1
34.4,0,1
34.6,0,1
34.8,0,1
35,0,1
35.2,0,1
35.4,0,1
35.6,0,1
35.8,0,1
36,0,1
36.2,0,1
36.4,0,1
36.6,0,1
36.8,0,1
37,0,1
37.2,0,1
37.4,0,1
37.6,0,1
37.8,0,1
38,0,1
38.2,0,1
38.4,0,1
38.6,0,1
38.8,0,1
39,0,1
39.2,0,1
39.4,0,1
39.6,0,1
39.8,0,1
40,0,1
40.2,0,1
40.4,0,1
40.6,0,1
40.8,0,1
41,0,1
41.2,0,1
41.4,0,1
41.6,0,1
41.8,0,1
42,0,1
42.2,0,1
42.4,0,1
42.6,0,1
42.8,0,1
43,0,1
43.2,0,1
43.4,0,1
43.6,0,1
43.8,0,1
44,0,1
44.2,0,1
44.4,0,1
44.6,0,1
44.8,0,1
45,0,1
45.2,0,1
45.4,0,1
45.6,0,1
45.8,0,1
46,0,1
46.2,0,1
46.4,0,1
46.6,0,1
46.8,0,1
47,0,1
47.2,0,1
47.4,0,1
47.6,0,1
47.8,0,1
48,0,1
48.2,0,1
48.4,0,1
48.6,0,1
48.8,0,1
49,0,1
49.2,0,1
49.4,0,1
49.6,0,1
49.8,0,1
50,0,1.5
50.2,0,1.5
50.4,0,1.5
50.6,0,1.5
50.8,0,1.5
51,0,1.5
51.2,0,1.5
51.4,0,1.5
51.6,0,1.5
51.8,0,1.5
52,0,1.5
52.2,0,1.5
52.4,0,1.5
52.6,0,1.5
52.8,0,1.5
53,0,1.5
53.2,0,1.5
53.4,0,1.5
53.6,0,1.5
53.8,0,1.5
54,0,1.5
54.2,0,1.5
54.4,0,1.5
54.6,0,1.5
54.8,0,1.5
55,0,1.5
55.2,0,1.5
55.4,0,1.5
55.6,0,1.5
55.8,0,1.5
56,0,1.5
56.2,0,1.5
56.4,0,1.5
56.6,0,1.5
56.8,0,1.5
57,0,1.5
57.2,0,1.5
57.4,0,1.5
57.6,0,1.5
57.8,0,1.5
58,0,1.5
58.2,0,1.5
58.4,0,1.5
58.6,0,1.5
58.8,0,1.5
59,0,1.5
59.2,0,1.5
59.4,0,1.5
59.6,0,1.5
59.8,0,1.5
60,0,1.5
60.2,0,1.5
60.4,0,1.5
60.6,0,1.5
60.8,0,1.5
61,0,1.5
61.2,0,1.5
61.4,0,1.5
61.6,0,1.5
61.8,0,1.5
62,0,1.5
62.2,0,1.5
62.4,0,1.5
62.6,0,1.5
62.8,0,1.5
63,0,1.5
63.2,0,1.5
63.4,0,1.5
63.6,0,1.5
63.8,0,1.5
64,0,1.5
64.2,0,1.5
64.4,0,1.5
64.6,0,1.5
64.8,0,1.5
65,0,1.5
65.2,0,1.5
65.4,0,1.5
65.6,0,1.5
65.8,0,1.5
66,0,1.5
66.2,0,1.5
66.4,0,1.5
66.6,0,1.5
66.8,0,1.5
67,0,1.5
67.2,0,1.5
67.4,0,1.5
67.6,0,1.5
67.8,0,1.5
68,0,1.5
68.2,0,1.5
68.4,0,1.5
68.6,0,1.5
68.8,0,1.5
69,0,1.5
69.2,0,1.5
69.4,0,1.5
69.6,0,1.5
69.8,0,1.5
70,0,1.5
70.2,0,1.5
70.4,0,1.5
70.6,0,1.5
70.8,0,1.5
71,0,1.5
71.2,0,1.5
71.4,0,1.5
71.6,0,1.5
71.8,0,1.5
72,0,1.5
72.2,0,1.5
72.4,0,1.5
72.6,0,1.5
72.8,0,1.5
73,0,1.5
73.2,0,1.5
73.4,0,1.5
73.6,0,1.5
73.8,0,1.5
74,0,1.5
74.2,0,1.5
74.4,0,1.5
74.6,0,1.5
74.8,0,1.5
75,0,1.5
75.2,0,1.5
75.4,0,1.5
75.6,0,1.5
75.8,0,1.5
76,0,1.5
76.2,0,1.5
76.4,0,1.5
76.6,0,1.5
76.8,0,1.5
77,0,1.5
77.2,0,1.5
77.4,0,1.5
77.6,0,1.5
77.8,0,1.5
78,0,1.5
78.2,0,1.5
78.4,0,1.5
78.6,0,1.5
78.8,0,1.5
79,0,1.5
79.2,0,1.5
79.4,0,1.5
79.6,0,1.5
79.8,0,1.5
80,0,1.5
80.2,0,1.5
80.4,0,1.5
80.6,0,1.5
80.8,0,1.5
81,0,1.5
81.2,0,1.5
81.4,0,1.5
81.6,0,1.5
81.8,0,1.5
82,0,1.5
82.2,0,1.5
82.4,0,1.5
82.6,0,1.5
82.8,0,1.5
83,0,1.5
83.2,0,1.5
83.4,0,1.5
83.6,0,1.5
83.8,0,1.5
84,0,1.5
84.2,0,1.5
84.4,0,1.5
84.6,0,1.5
84.8,0,1.5
85,0,1.5
85.2,0,1.5
85.4,0,1.5
85.6,0,1.5
85.8,0,1.5
86,0,1.5
86.2,0,1.5
86.4,0,1.5
86.6,0,1.5
86.8,0,1.5
87,0,1.5
87.2,0,1.5
87.4,0,1.5
87.6,0,1.5
87.8,0,1.5
88,0,1.5
88.2,0,1.5
88.4,0,1.5
88.6,0,1.5
88.8,0,1.5
89,0,1.5
89.2,0,1.5
89.4,0,1.5
89.6,0,1.5
89.8,0,1.5
90,0,1.5
90.2,0,1.5
90.4,0,1.5
90.6,0,1.5
90.8,0,1.5
91,0,1.5
91.2,0,1.5
91.4,0,1.5
91.6,0,1.5
91.8,0,1.5
92,0,1.5
92.2,0,1.5
92.4,0,1.5
92.6,0,1.5
92.8,0,1.5
93,0,1.5
93.2,0,1.5
93.4,0,1.5
93.6,0,1.5
93.8,0,1.5
94,0,1.5
94.2,0,1.5
94.4,0,1.5
94.6,0,1.5
94.8,0,1.5
95,0,1.5
95.2,0,1.5
95.4,0,1.5
95.6,0,1.5
95.8,0,1.5
96,0,1.5
96.2,0,1.5
96.4,0,1.5
96.6,0,1.5
96.8,0,1.5
97,0,1.5
97.2,0,1.5
97.4,0,1.5
97.6,0,1.5
97.8,0,1.5
98,0,1.5
98.2,0,1.5
98.4,0,1.5
98.6,0,1.5
98.8,0,1.5
99,0,1.5
99.2,0,1.5
99.4,0,1.5
99.6,0,1.5
99.8,0,1.5
100,0,2
100.2,0,2
100.4,0,2
100.6,0,2
100.8,0,2
101,0,2
101.2,0,2
101.4,0,2
101.6,0,2
101.8,0,2
102,0,2
102.2,0,2
102.4,0,2
102.6,0,2
102.8,0,2
103,0,2
103.2,0,2
103.4,0,2
103.6,0,2
103.8,0,2
104,0,2
104.2,0,2
104.4,0,2
104.6,0,2
104.8,0,2
105,0,2
105.2,0,2
105.4,0,2
105.6,0,2
105.8,0,2
106,0,2
106.2,0,2
106.4,0,2
106.6,0,2
106.8,0,2
107,0,2
107.2,0,2
107.4,0,2
107.6,0,2
107.8,0,2
108,0,2
108.2,0,2
108.4,0,2
108.6,0,2
108.8,0,2
109,0,2
109.2,0,2
109.4,0,2
109.6,0,2
109.8,0,2
110,0,2
110.2,0,2
110.4,0,2
110.6,0,2
110.8,0,2
111,0,2
111.2,0,2
111.4,0,2
111.6,0,2
111.8,0,2
112,0,2
112.2,0,2
112.4,0,2
112.6,0,2
112.8,0,2
113,0,2
113.2,0,2
113.4,0,2
113.6,0,2
113.8,0,2
114,0,2
114.2,0,2
114.4,0,2
114.6,0,2
114.8,0,2
115,0,2
115.2,0,2
115.4,0,2
115.6,0,2
115.8,0,2
116,0,2
116.2,0,2
116.4,0,2
116.6,0,2
116.8,0,2
117,0,2
117.2,0,2
117.4,0,2
117.6,0,2
117.8,0,2
118,0,2
118.2,0,2
118.4,0,2
118.6,0,2
118.8,0,2
119,0,2
119.2,0,2
119.4,0,2
119.6,0,2
119.8,0,2
120,0,2
120.2,0,2
120.4,0,2
120.6,0,2
120.8,0,2
121,0,2
121.2,0,2
121.4,0,2
121.6,0,2
121.8,0,2
122,0,2
122.2,0,2
122.4,0,2
122.6,0,2
122.8,0,2
123,0,2
123.2,0,2
123.4,0,2
123.6,0,2
123.8,0,2
124,0,2
124.2,0,2
124.4,0,2
124.6,0,2
124.8,0,2
125,0,2
125.2,0,2
125.4,0,2
125.6,0,2
125.8,0,2
126,0,2
126.2,0,2
126.4,0,2
126.6,0,2
126.8,0,2
127,0,2
127.2,0,2
127.4,0,2
127.6,0,2
127.8,0,2
128,0,2
128.2,0,2
128.4,0,2
128.6,0,2
128.8,0,2
129,0,2
129.2,0,2
129.4,0,2
129.6,0,2
129.8,0,2
130,0,2
130.2,0,2
130.4,0,2
130.6,0,2
130.8,0,2
131,0,2
131.2,0,2
131.4,0,2
131.6,0,2
131.8,0,2
132,0,2
132.2,0,2
132.4,0,2
132.6,0,2
132.8,0,2
133,0,2
133.2,0,2
133.4,0,2
133.6,0,2
133.8,0,2
134,0,2
134.2,0,2
134.4,0,2
134.6,0,2
134.8,0,2
135,0,2
135.2,0,2
135.4,0,2
135.6,0,2
135.8,0,2
136,0,2
136.2,0,2
136.4,0,2
136.6,0,2
136.8,0,2
137,0,2
137.2,0,2
137.4,0,2
137.6,0,2
137.8,0,2
138,0,2
138.2,0,2
138.4,0,2
138.6,0,2
138.8,0,2
139,0,2
139.2,0,2
139.4,0,2
139.6,0,2
139.8,0,2
140,0,2
140.2,0,2
140.4,0,2
140.6,0,2
140.8,0,2
141,0,2
141.2,0,2
141.4,0,2
141.6,0,2
141.8,0,2
142,0,2
142.2,0,2
142.4,0,2
142.6,0,2
142.8,0,2
143,0,2
143.2,0,2
143.4,0,2
143.6,0,2
143.8,0,2
144,0,2
144.2,0,2
144.4,0,2
144.6,0,2
144.8,0,2
145,0,2
145.2,0,2
145.4,0,2
145.6,0,2
145.8,0,2
146,0,2
146.2,0,2
146.4,0,2
146.6,0,2
146.8,0,2
147,0,2
147.2,0,2
147.4,0,2
147.6,0,2
147.8,0,2
148,0,2
148.2,0,2
148.4,0,2
148.6,0,2
148.8,0,2
149,0,2
149.2,0,2
149.4,0,2
149.6,0,2
149.8,0,2
150,0,2.5
150.2,0,2.5
150.4,0,2.5
150.6,0,2.5
150.8,0,2.5
151,0,2.5
151.2,0,2.5
151.4,0,2.5
151.6,0,2.5
151.8,0,2.5
152,0,2.5
152.2,0,2.5
152.4,0,2.5
152.6,0,2.5
152.8,0,2.5
153,0,2.5
153.2,0,2.5
153.4,0,2.5
153.6,0,2.5
153.8,0,2.5
154,0,2.5
154.2,0,2.5
154.4,0,2.5
154.6,0,2.5
154.8,0,2.5
155,0,2.5
155.2,0,2.5
155.4,0,2.5
155.6,0,2.5
155.8,0,2.5
156,0,2.5
156.2,0,2.5
156.4,0,2.5
156.6,0,2.5
156.8,0,2.5
157,0,2.5
157.2,0,2.5
157.4,0,2.5
157.6,0,2.5
157.8,0,2.5
158,0,2.5
158.2,0,2.5
158.4,0,2.5
158.6,0,2.5
158.8,0,2.5
159,0,2.5
159.2,0,2.5
159.4,0,2.5
159.6,0,2.5
159.8,0,2.5
160,0,2.5
160.2,0,2.5
160.4,0,2.5
160.6,0,2.5
160.8,0,2.5
161,0,2.5
161.2,0,2.5
161.4,0,2.5
161.6,0,2.5
161.8,0,2.5
162,0,2.5
162.2,0,2.5
162.4,0,2.5
162.6,0,2.5
162.8,0,2.5
163,0,2.5
163.2,0,2.5
163.4,0,2.5
163.6,0,2.5
163.8,0,2.5
164,0,2.5
164.2,0,2.5
164.4,0,2.5
164.6,0,2.5
164.8,0,2.5
165,0,2.5
165.2,0,2.5
165.4,0,2.5
165.6,0,2.5
165.8,0,2.5
166,0,2.5
166.2,0,2.5
166.4,0,2.5
166.6,0,2.5
166.8,0,2.5
167,0,2.5
167.2,0,2.5
167.4,0,2.5
167.6,0,2.5
167.8,0,2.5
168,0,2.5
168.2,0,2.5
168.4,0,2.5
168.6,0,2.5
168.8,0,2.5
169,0,2.5
169.2,0,2.5
169.4,0,2.5
169.6,0,2.5
169.8,0,2.5
170,0,2.5
170.2,0,2.5
170.4,0,2.5
170.6,0,2.5
170.8,0,2.5
171,0,2.5
171.2,0,2.5
171.4,0,2.5
171.6,0,2.5
171.8,0,2.5
172,0,2.5
172.2,0,2.5
172.4,0,2.5
172.6,0,2.5
172.8,0,2.5
173,0,2.5
173.2,0,2.5
173.4,0,2.5
173.6,0,2.5
173.8,0,2.5
174,0,2.5
174.2,0,2.5
174.4,0,2.5
174.6,0,2.5
174.8,0,2.5
175,0,2.5
175.2,0,2.5
175.4,0,2.5
175.6,0,2.5
175.8,0,2.5
176,0,2.5
176.2,0,2.5
176.4,0,2.5
176.6,0,2.5
176.8,0,2.5
177,0,2.5
177.2,0,2.5
177.4,0,2.5
177.6,0,2.5
177.8,0,2.5
178,0,2.5
178.2,0,2.5
178.4,0,2.5
178.6,0,2.5
178.8,0,2.5
179,0,2.5
179.2,0,2.5
179.4,0,2.5
179.6,0,2.5
179.8,0,2.5
180,0,2.5
180.2,0,2.5
180.4,0,2.5
180.6,0,2.5
180.8,0,2.5
181,0,2.5
181.2,0,2.5
181.4,0,2.5
181.6,0,2.5
181.8,0,2.5
182,0,2.5
182.2,0,2.5
182.4,0,2.5
182.6,0,2.5
182.8,0,2.5
183,0,2.5
183.2,0,2.5
183.4,0,2.5
183.6,0,2.5
183.8,0,2.5
184,0,2.5
184.2,0,2.5
184.4,0,2.5
184.6,0,2.5
184.8,0,2.5
185,0,2.5
185.2,0,2.5
185.4,0,2.5
185.6,0,2.5
185.8,0,2.5
186,0,2.5
186.2,0,2.5
186.4,0,2.5
186.6,0,2.5
186.8,0,2.5
187,0,2.5
187.2,0,2.5
187.4,0,2.5
187.6,0,2.5
187.8,0,2.5
188,0,2.5
188.2,0,2.5
188.4,0,2.5
188.6,0,2.5
188.8,0,2.5
189,0,2.5
189.2,0,2.5
189.4,0,2.5
189.6,0,2.5
189.8,0,2.5
190,0,2.5
190.2,0,2.5
190.4,0,2.5
190.6,0,2.5
190.8,0,2.5
191,0,2.5
191.2,0,2.5
191.4,0,2.5
191.6,0,2.5
191.8,0,2.5
192,0,2.5
192.2,0,2.5
192.4,0,2.5
192.6,0,2.5
192.8,0,2.5
193,0,2.5
193.2,0,2.5
193.4,0,2.5
193.6,0,2.5
193.8,0,2.5
194,0,2.5
194.2,0,2.5
194.4,0,2.5
194.6,0,2.5
194.8,0,2.5
195,0,2.5
195.2,0,2.5
195.4,0,2.5
195.6,0,2.5
195.8,0,2.5
196,0,2.5
196.2,0,2.5
196.4,0,2.5
196.6,0,2.5
196.8,0,2.5
197,0,2.5
197.2,0,2.5
197.4,0,2.5
197.6,0,2.5
197.8,0,2.5
198,0,2.5
198.2,0,2.5
198.4,0,2.5
198.6,0,2.5
198.8,0,2.5
199,0,2.5
199.2,0,2.5
199.4,0,2.5
199.6,0,2.5
199.8,0,2.5
200,0,3
200.2,0,3
200.4,0,3
200.6,0,3
200.8,0,3
201,0,3
201.2,0,3
201.4,0,3
201.6,0,3
201.8,0,3
202,0,3
202.2,0,3
202.4,0,3
202.6,0,3
202.8,0,3
203,0,3
203.2,0,3
203.4,0,3
203.6,0,3
203.8,0,3
204,0,3
204.2,0,3
204.4,0,3
204.6,0,3
204.8,0,3
205,0,3
205.2,0,3
205.4,0,3
205.6,0,3
205.8,0,3
206,0,3
206.2,0,3
206.4,0,3
206.6,0,3
206.8,0,3
207,0,3
207.2,0,3
207.4,0,3
207.6,0,3
207.8,0,3
208,0,3
208.2,0,3
208.4,0,3
208.6,0,3
208.8,0,3
209,0,3
209.2,0,3
209.4,0,3
209.6,0,3
209.8,0,3
210,0,3
210.2,0,3
210.4,0,3
210.6,0,3
210.8,0,3
211,0,3
211.2,0,3
211.4,0,3
211.6,0,3
211.8,0,3
212,0,3
212.2,0,3
212.4,0,3
212.6,0,3
212.8,0,3
213,0,3
213.2,0,3
213.4,0,3
213.6,0,3
213.8,0,3
214,0,3
214.2,0,3
214.4,0,3
214.6,0,3
214.8,0,3
215,0,3
215.2,0,3
215.4,0,3
215.6,0,3
215.8,0,3
216,0,3
216.2,0,3
216.4,0,3
216.6,0,3
216.8,0,3
217,0,3
217.2,0,3
217.4,0,3
217.6,0,3
217.8,0,3
218,0,3
218.2,0,3
218.4,0,3
218.6,0,3
218.8,0,3
219,0,3
219.2,0,3
219.4,0,3
219.6,0,3
219.8,0,3
220,0,3
220.2,0,3
220.4,0,3
220.6,0,3
220.8,0,3
221,0,3
221.2,0,3
221.4,0,3
221.6,0,3
221.8,0,3
222,0,3
222.2,0,3
222.4,0,3
222.6,0,3
222.8,0,3
223,0,3
223.2,0,3
223.4,0,3
223.6,0,3
223.8,0,3
224,0,3
224.2,0,3
224.4,0,3
224.6,0,3
224.8,0,3
225,0,3
225.2,0,3
225.4,0,3
225.6,0,3
225.8,0,3
226,0,3
226.2,0,3
226.4,0,3
226.6,0,3
226.8,0,3
227,0,3
227.2,0,3
227.4,0,3
227.6,0,3
227.8,0,3
228,0,3
228.2,0,3
228.4,0,3
228.6,0,3
228.8,0,3
229,0,3
229.2,0,3
229.4,0,3
229.6,0,3
229.8,0,3
230,0,3
230.2,0,3
230.4,0,3
230.6,0,3
230.8,0,3
231,0,3
231.2,0,3
231.4,0,3
231.6,0,3
231.8,0,3
232,0,3
232.2,0,3
232.4,0,3
232.6,0,3
232.8,0,3
233,0,3
233.2,0,3
233.4,0,3
233.6,0,3
233.8,0,3
234,0,3
234.2,0,3
234.4,0,3
234.6,0,3
234.8,0,3
235,0,3
235.2,0,3
235.4,0,3
235.6,0,3
235.8,0,3
236,0,3
236.2,0,3
236.4,0,3
236.6,0,3
236.8,0,3
237,0,3
237.2,0,3
237.4,0,3
237.6,0,3
237.8,0,3
238,0,3
238.2,0,3
238.4,0,3
238.6,0,3
238.8,0,3
239,0,3
239.2,0,3
239.4,0,3
239.6,0,3
239.8,0,3
240,0,3
240.2,0,3
240.4,0,3
240.6,0,3
240.8,0,3
241,0,3
241.2,0,3
241.4,0,3
241.6,0,3
241.8,0,3
242,0,3
242.2,0,3
242.4,0,3
242.6,0,3
242.8,0,3
243,0,3
243.2,0,3
243.4,0,3
243.6,0,3
243.8,0,3
244,0,3
244.2,0,3
244.4,0,3
244.6,0,3
244.8,0,3
245,0,3
245.2,0,3
245.4,0,3
245.6,0,3
245.8,0,3
246,0,3
246.2,0,3
246.4,0,3
246.6,0,3
246.8,0,3
247,0,3
247.2,0,3
247.4,0,3
247.6,0,3
247.8,0,3
248,0,3
248.2,0,3
248.4,0,3
248.6,0,3
248.8,0,3
249,0,3
249.2,0,3
249.4,0,3
249.6,0,3
249.8,0,3
250,0,3.5
250.2,0,3.5
250.4,0,3.5
250.6,0,3.5
250.8,0,3.5
251,0,3.5
251.2,0,3.5
251.4,0,3.5
251.6,0,3.5
251.8,0,3.5
252,0,3.5
252.2,0,3.5
252.4,0,3.5
252.6,0,3.5
252.8,0,3.5
253,0,3.5
253.2,0,3.5
253.4,0,3.5
253.6,0,3.5
253.8,0,3.5
254,0,3.5
254.2,0,3.5
254.4,0,3.5
254.6,0,3.5
254.8,0,3.5
255,0,3.5
255.2,0,3.5
255.4,0,3.5
255.6,0,3.5
255.8,0,3.5
256,0,3.5
256.2,0,3.5
256.4,0,3.5
256.6,0,3.5
256.8,0,3.5
257,0,3.5
257.2,0,3.5
257.4,0,3.5
257.6,0,3.5
257.8,0,3.5
258,0,3.5
258.2,0,3.5
258.4,0,3.5
258.6,0,3.5
258.8,0,3.5
259,0,3.5
259.2,0,3.5
259.4,0,3.5
259.6,0,3.5
259.8,0,3.5
260,0,3.5
260.2,0,3.5
260.4,0,3.5
260.6,0,3.5
260.8,0,3.5
261,0,3.5
261.2,0,3.5
261.4,0,3.5
261.6,0,3.5
261.8,0,3.5
262,0,3.5
262.2,0,3.5
262.4,0,3.5
262.6,0,3.5
262.8,0,3.5
263,0,3.5
263.2,0,3.5
263.4,0,3.5
263.6,0,3.5
263.8,0,3.5
264,0,3.5
264.2,0,3.5
264.4,0,3.5
264.6,0,3.5
264.8,0,3.5
265,0,3.5
265.2,0,3.5
265.4,0,3.5
265.6,0,3.5
265.8,0,3.5
266,0,3.5
266.2,0,3.5
266.4,0,3.5
266.6,0,3.5
266.8,0,3.5
267,0,3.5
267.2,0,3.5
267.4,0,3.5
267.6,0,3.5
267.8,0,3.5
268,0,3.5
268.2,0,3.5
268.4,0,3.5
268.6,0,3.5
268.8,0,3.5
269,0,3.5
269.2,0,3.5
269.4,0,3.5
269.6,0,3.5
269.8,0,3.5
270,0,3.5
270.2,0,3.5
270.4,0,3.5
270.6,0,3.5
270.8,0,3.5
271,0,3.5
271.2,0,3.5
271.4,0,3.5
271.6,0,3.5
271.8,0,3.5
272,0,3.5
272.2,0,3.5
272.4,0,3.5
272.6,0,3.5
272.8,0,3.5
273,0,3.5
273.2,0,3.5
273.4,0,3.5
273.6,0,3.5
273.8,0,3.5
274,0,3.5
274.2,0,3.5
274.4,0,3.5
274.6,0,3.5
274.8,0,3.5
275,0,3.5
275.2,0,3.5
275.4,0,3.5
275.6,0,3.5
275.8,0,3.5
276,0,3.5
276.2,0,3.5
276.4,0,3.5
276.6,0,3.5
276.8,0,3.5
277,0,3.5
277.2,0,3.5
277.4,0,3.5
277.6,0,3.5
277.8,0,3.5
278,0,3.5
278.2,0,3.5
278.4,0,3.5
278.6,0,3.5
278.8,0,3.5
279,0,3.5
279.2,0,3.5
279.4,0,3.5
279.6,0,3.5
279.8,0,3.5
280,0,3.5
280.2,0,3.5
280.4,0,3.5
280.6,0,3.5
280.8,0,3.5
281,0,3.5
281.2,0,3.5
281.4,0,3.5
281.6,0,3.5
281.8,0,3.5
282,0,3.5
282.2,0,3.5
282.4,0,3.5
282.6,0,3.5
282.8,0,3.5
283,0,3.5
283.2,0,3.5
283.4,0,3.5
283.6,0,3.5
283.8,0,3.5
284,0,3.5
284.2,0,3.5
284.4,0,3.5
284.6,0,3.5
284.8,0,3.5
285,0,3.5
285.2,0,3.5
285.4,0,3.5
285.6,0,3.5
285.8,0,3.5
286,0,3.5
286.2,0,3.5
286.4,0,3.5
286.6,0,3.5
286.8,0,3.5
287,0,3.5
287.2,0,3.5
287.4,0,3.5
287.6,0,3.5
287.8,0,3.5
288,0,3.5
288.2,0,3.5
288.4,0,3.5
288.6,0,3.5
288.8,0,3.5
289,0,3.5
289.2,0,3.5
289.4,0,3.5
289.6,0,3.5
289.8,0,3.5
290,0,3.5
290.2,0,3.5
290.4,0,3.5
290.6,0,3.5
290.8,0,3.5
291,0,3.5
291.2,0,3.5
291.4,0,3.5
291.6,0,3.5
291.8,0,3.5
292,0,3.5
292.2,0,3.5
292.4,0,3.5
292.6,0,3.5
292.8,0,3.5
293,0,3.5
293.2,0,3.5
293.4,0,3.5
293.6,0,3.5
293.8,0,3.5
294,0,3.5
294.2,0,3.5
294.4,0,3.5
294.6,0,3.5
294.8,0,3.5
295,0,3.5
295.2,0,3.5
295.4,0,3.5
295.6,0,3.5
295.8,0,3.5
296,0,3.5
296.2,0,3.5
296.4,0,3.5
296.6,0,3.5
296.8,0,3.5
297,0,3.5
297.2,0,3.5
297.4,0,3.5
297.6,0,3.5
297.8,0,3.5
298,0,3.5
298.2,0,3.5
298.4,0,3.5
298.6,0,3.5
298.8,0,3.5
299,0,3.5
299.2,0,3.5
299.4,0,3.5
299.6,0,3.5
299.8,0,3.5
300,0,4
300.2,0,4
300.4,0,4
300.6,0,4
300.8,0,4
301,0,4
301.2,0,4
301.4,0,4
301.6,0,4
301.8,0,4
302,0,4
302.2,0,4
302.4,0,4
302.6,0,4
302.8,0,4
303,0,4
303.2,0,4
303.4,0,4
303.6,0,4
303.8,0,4
304,0,4
304.2,0,4
304.4,0,4
304.6,0,4
304.8,0,4
305,0,4
305.2,0,4
305.4,0,4
305.6,0,4
305.8,0,4
306,0,4
306.2,0,4
306.4,0,4
306.6,0,4
306.8,0,4
307,0,4
307.2,0,4
307.4,0,4
307.6,0,4
307.8,0,4
308,0,4
308.2,0,4
308.4,0,4
308.6,0,4
308.8,0,4
309,0,4
309.2,0,4
309.4,0,4
309.6,0,4
309.8,0,4
310,0,4
310.2,0,4
310.4,0,4
310.6,0,4
310.8,0,4
311,0,4
311.2,0,4
311.4,0,4
311.6,0,4
311.8,0,4
312,0,4
312.2,0,4
312.4,0,4
312.6,0,4
312.8,0,4
313,0,4
313.2,0,4
313.4,0,4
313.6,0,4
313.8,0,4
314,0,4
314.2,0,4
314.4,0,4
314.6,0,4
314.8,0,4
315,0,4
315.2,0,4
315.4,0,4
315.6,0,4
315.8,0,4
316,0,4
316.2,0,4
316.4,0,4
316.6,0,4
316.8,0,4
317,0,4
317.2,0,4
317.4,0,4
317.6,0,4
317.8,0,4
318,0,4
318.2,0,4
318.4,0,4
318.6,0,4
318.8,0,4
319,0,4
319.2,0,4
319.4,0,4
319.6,0,4
319.8,0,4
320,0,4
320.2,0,4
320.4,0,4
320.6,0,4
320.8,0,4
321,0,4
321.2,0,4
321.4,0,4
321.6,0,4
321.8,0,4
322,0,4
322.2,0,4
322.4,0,4
322.6,0,4
322.8,0,4
323,0,4
323.2,0,4
323.4,0,4
323.6,0,4
323.8,0,4
324,0,4
324.2,0,4
324.4,0,4
324.6,0,4
324.8,0,4
325,0,4
325.2,0,4
325.4,0,4
325.6,0,4
325.8,0,4
326,0,4
326.2,0,4
326.4,0,4
326.6,0,4
326.8,0,4
327,0,4
327.2,0,4
327.4,0,4
327.6,0,4
327.8,0,4
328,0,4
328.2,0,4
328.4,0,4
328.6,0,4
328.8,0,4
329,0,4
329.2,0,4
329.4,0,4
329.6,0,4
329.8,0,4
330,0,4
330.2,0,4
330.4,0,4
330.6,0,4
330.8,0,4
331,0,4
331.2,0,4
331.4,0,4
331.6,0,4
331.8,0,4
332,0,4
332.2,0,4
332.4,0,4
332.6,0,4
332.8,0,4
333,0,4
333.2,0,4
333.4,0,4
333.6,0,4
333.8,0,4
334,0,4
334.2,0,4
334.4,0,4
334.6,0,4
334.8,0,4
335,0,4
335.2,0,4
335.4,0,4
335.6,0,4
335.8,0,4
336,0,4
336.2,0,4
336.4,0,4
336.6,0,4
336.8,0,4
337,0,4
337.2,0,4
337.4,0,4
337.6,0,4
337.8,0,4
338,0,4
338.2,0,4
338.4,0,4
338.6,0,4
338.8,0,4
339,0,4
339.2,0,4
339.4,0,4
339.6,0,4
339.8,0,4
340,0,4
340.2,0,4
340.4,0,4
340.6,0,4
340.8,0,4
341,0,4
341.2,0,4
341.4,0,4
341.6,0,4
341.8,0,4
342,0,4
342.2,0,4
342.4,0,4
342.6,0,4
342.8,0,4
343,0,4
343.2,0,4
343.4,0,4
343.6,0,4
343.8,0,4
344,0,4
344.2,0,4
344.4,0,4
344.6,0,4
344.8,0,4
345,0,4
345.2,0,4
345.4,0,4
345.6,0,4
345.8,0,4
346,0,4
346.2,0,4
346.4,0,4
346.6,0,4
346.8,0,4
347,0,4
347.2,0,4
347.4,0,4
347.6,0,4
347.8,0,4
348,0,4
348.2,0,4
348.4,0,4
348.6,0,4
348.8,0,4
349,0,4
349.2,0,4
349.4,0,4
349.6,0,4
349.8,0,4
350,0,4
